date,feed_gas,condensate,wpnb_gas,wpnb_oil,planned_shutdown,unplanned_shutdown,anomaly
2020-01-01,1420.94,6139,1370.82,6045.32,1,1,False
2020-01-02,1354.31,5851,1370.82,6045.32,1,1,False
2020-01-03,1414.2,6109,1370.82,6045.32,1,1,False
2020-01-04,1350.36,5834,1370.82,6045.32,1,1,False
2020-01-05,1387.07,5992,1370.82,6045.32,1,1,False
2020-01-06,1375.18,5941,1370.82,6045.32,1,1,False
2020-01-07,1412.75,5977,1370.82,6045.32,1,1,False
2020-01-08,1434.83,5988,1370.82,6045.32,1,1,False
2020-01-09,1400.91,5957,1370.82,6045.32,1,1,False
2020-01-10,1389.82,5953,1370.82,6045.32,1,1,False
2020-01-11,1369.48,5950,1370.82,6045.32,1,1,False
2020-01-12,1397.9,6088,1370.82,6045.32,1,1,False
2020-01-13,1426.17,6203,1370.82,6045.32,1,1,False
2020-01-14,1387.94,6027,1370.82,6045.32,1,1,False
2020-01-15,1345.28,5851,1370.82,6045.32,1,1,False
2020-01-16,1338.0,5838,1370.82,6045.32,1,1,False
2020-01-17,1306.73,5684,1370.82,6045.32,1,1,False
2020-01-18,1272.19,5500,1370.82,6045.32,1,1,False
2020-01-19,1289.45,5599,1370.82,6045.32,1,1,False
2020-01-20,1310.23,5646,1370.82,6045.32,1,1,False
2020-01-21,1342.41,5826,1370.82,6045.32,1,1,False
2020-01-22,1349.93,5856,1370.82,6045.32,1,1,False
2020-01-23,1358.93,5882,1370.82,6045.32,1,1,False
2020-01-24,1355.16,5839,1370.82,6045.32,1,1,False
2020-01-25,1371.1,5935,1370.82,6045.32,1,1,False
2020-01-26,1370.13,5918,1370.82,6045.32,1,1,False
2020-01-27,1349.73,5845,1370.82,6045.32,1,1,False
2020-01-28,1271.4,5536,1370.82,6045.32,1,1,False
2020-01-29,1289.08,5574,1370.82,6045.32,1,1,False
2020-01-30,1308.83,5655,1370.82,6045.32,1,1,False
2020-01-31,1281.21,5574,1370.82,6045.32,1,1,False
2020-02-01,1312.45,5694,1370.82,6045.32,1,1,False
2020-02-02,1358.09,5861,1370.82,6045.32,1,1,False
2020-02-03,1292.92,5630,1370.82,6045.32,1,1,False
2020-02-04,1290.05,5628,1370.82,6045.32,1,1,False
2020-02-05,1353.66,5894,1370.82,6045.32,1,1,False
2020-02-06,1383.22,6009,1370.82,6045.32,1,1,False
2020-02-07,1398.81,6069,1370.82,6045.32,1,1,False
2020-02-08,1360.04,5903,1370.82,6045.32,1,1,False
2020-02-09,1342.36,5826,1370.82,6045.32,1,1,False
2020-02-10,1366.84,5932,1370.82,6045.32,1,1,False
2020-02-11,1300.73,5645,1370.82,6045.32,1,1,False
2020-02-12,1303.57,5658,1370.82,6045.32,1,1,False
2020-02-13,1323.74,5745,1370.82,6045.32,1,1,False
2020-02-14,1336.43,5800,1370.82,6045.32,1,1,False
2020-02-15,1305.82,5807,1370.82,6045.32,1,1,False
2020-02-16,1287.28,5445,1370.82,6045.32,1,1,False
2020-02-17,1276.54,5541,1370.82,6045.32,1,1,False
2020-02-18,1316.09,5503,1370.82,6045.32,1,1,False
2020-02-19,1360.0555172413792,3723,1370.82,6045.32,1,0,True
2020-02-20,1360.0555172413792,2781,1370.82,6045.32,1,0,True
2020-02-21,1360.0555172413792,2785,1370.82,6045.32,1,0,True
2020-02-22,1080.05,3559,1370.82,6045.32,1,1,False
2020-02-23,1326.74,4692,1370.82,6045.32,1,1,False
2020-02-24,1395.04,5199,1370.82,6045.32,1,1,False
2020-02-25,1360.0555172413792,3404,1370.82,6045.32,1,0,True
2020-02-26,1360.0555172413792,3003,1370.82,6045.32,1,0,True
2020-02-27,1360.0555172413792,3011,1370.82,6045.32,1,0,True
2020-02-28,1360.0555172413792,3360,1370.82,6045.32,1,0,True
2020-02-29,1223.58,4069,1370.82,6045.32,1,1,False
2020-03-01,1341.2,5754,1370.82,6045.32,1,1,False
2020-03-02,1353.96,5849,1370.82,6045.32,1,1,False
2020-03-03,1319.29,5642,1370.82,6045.32,1,1,False
2020-03-04,1335.03,5713,1370.82,6045.32,1,1,False
2020-03-05,1346.08,5856,1370.82,6045.32,1,1,False
2020-03-06,1325.5,5712,1370.82,6045.32,1,1,False
2020-03-07,1390.88,5973,1370.82,6045.32,1,1,False
2020-03-08,1368.9,5877,1370.82,6045.32,1,1,False
2020-03-09,1315.91,5724,1370.82,6045.32,1,1,False
2020-03-10,1335.84,5834,1370.82,6045.32,1,1,False
2020-03-11,1357.58,5959,1370.82,6045.32,1,1,False
2020-03-12,1281.93,5532,1370.82,6045.32,1,1,False
2020-03-13,1343.79,5787,1370.82,6045.32,1,1,False
2020-03-14,1371.2,6003,1370.82,6045.32,1,1,False
2020-03-15,1373.51,6008,1370.82,6045.32,1,1,False
2020-03-16,1382.39,5813,1370.82,6045.32,1,1,False
2020-03-17,1366.69,5785,1370.82,6045.32,1,1,False
2020-03-18,1373.6,5768,1370.82,6045.32,1,1,False
2020-03-19,1347.44,5634,1370.82,6045.32,1,1,False
2020-03-20,1360.16,5720,1370.82,6045.32,1,1,False
2020-03-21,1393.66,5853,1370.82,6045.32,1,1,False
2020-03-22,1417.9,5894,1370.82,6045.32,1,1,False
2020-03-23,1394.4,5870,1370.82,6045.32,1,1,False
2020-03-24,1405.82,6124,1370.82,6045.32,1,1,False
2020-03-25,1389.53,5911,1370.82,6045.32,1,1,False
2020-03-26,1373.65,5991,1370.82,6045.32,1,1,False
2020-03-27,1399.37,6140,1370.82,6045.32,1,1,False
2020-03-28,1376.4,5972,1370.82,6045.32,1,1,False
2020-03-29,1358.5,5665,1370.82,6045.32,1,1,False
2020-03-30,1382.29,5703,1370.82,6045.32,1,1,False
2020-03-31,1353.85,4894,1370.82,6045.32,1,1,False
2020-04-01,1345.63,5910,1370.82,6045.32,1,1,False
2020-04-02,1352.97,5832,1370.82,6045.32,1,1,False
2020-04-03,1353.58,5824,1370.82,6045.32,1,1,False
2020-04-04,1353.19,5728,1370.82,6045.32,1,1,False
2020-04-05,1390.44,5854,1370.82,6045.32,1,1,False
2020-04-06,1348.5387624521063,5498,1370.82,6045.32,1,0,True
2020-04-07,1348.5387624521063,3334,1370.82,6045.32,1,0,True
2020-04-08,1253.8,5325,1370.82,6045.32,1,1,False
2020-04-09,1324.7,5689,1370.82,6045.32,1,1,False
2020-04-10,1332.27,5856,1370.82,6045.32,1,1,False
2020-04-11,1328.42,5730,1370.82,6045.32,1,1,False
2020-04-12,1359.01,5745,1370.82,6045.32,1,1,False
2020-04-13,1397.5,5964,1370.82,6045.32,1,1,False
2020-04-14,1361.39,5800,1370.82,6045.32,1,1,False
2020-04-15,1392.36,5854,1370.82,6045.32,1,1,False
2020-04-16,1386.91,5928,1370.82,6045.32,1,1,False
2020-04-17,1399.01,5945,1370.82,6045.32,1,1,False
2020-04-18,1371.81,5839,1370.82,6045.32,1,1,False
2020-04-19,1396.73,5937,1370.82,6045.32,1,1,False
2020-04-20,1405.27,6010,1370.82,6045.32,1,1,False
2020-04-21,1384.51,5983,1370.82,6045.32,1,1,False
2020-04-22,1404.63,5975,1370.82,6045.32,1,1,False
2020-04-23,1324.85,5742,1370.82,6045.32,1,1,False
2020-04-24,1408.35,5864,1370.82,6045.32,1,1,False
2020-04-25,1407.63,6124,1370.82,6045.32,1,1,False
2020-04-26,1394.35,5981,1370.82,6045.32,1,1,False
2020-04-27,1386.48,5921,1370.82,6045.32,1,1,False
2020-04-28,1378.88,5902,1370.82,6045.32,1,1,False
2020-04-29,1390.75,5936,1370.82,6045.32,1,1,False
2020-04-30,1412.61,6085,1370.82,6045.32,1,1,False
2020-05-01,1419.42,6064,1370.82,6045.32,1,1,False
2020-05-02,1381.77,5938,1370.82,6045.32,1,1,False
2020-05-03,1383.82,5858,1370.82,6045.32,1,1,False
2020-05-04,1388.38,5938,1370.82,6045.32,1,1,False
2020-05-05,1402.77,5996,1370.82,6045.32,1,1,False
2020-05-06,1365.46,5798,1370.82,6045.32,1,1,False
2020-05-07,1371.93,5874,1370.82,6045.32,1,1,False
2020-05-08,1377.92,5848,1370.82,6045.32,1,1,False
2020-05-09,1379.06,5868,1370.82,6045.32,1,1,False
2020-05-10,1419.39,6028,1370.82,6045.32,1,1,False
2020-05-11,1440.13,6116,1370.82,6045.32,1,1,False
2020-05-12,1395.73,5910,1370.82,6045.32,1,1,False
2020-05-13,1391.38,5906,1370.82,6045.32,1,1,False
2020-05-14,1354.07,5722,1370.82,6045.32,1,1,False
2020-05-15,1352.44,5706,1370.82,6045.32,1,1,False
2020-05-16,1310.52,5550,1370.82,6045.32,1,1,False
2020-05-17,1345.83,5680,1370.82,6045.32,1,1,False
2020-05-18,1328.84,5797,1370.82,6045.32,1,1,False
2020-05-19,1393.54,5924,1370.82,6045.32,1,1,False
2020-05-20,1417.86,6040,1370.82,6045.32,1,1,False
2020-05-21,1372.69,5792,1370.82,6045.32,1,1,False
2020-05-22,1378.51,5820,1370.82,6045.32,1,1,False
2020-05-23,1441.6,6122,1370.82,6045.32,1,1,False
2020-05-24,1430.28,6062,1370.82,6045.32,1,1,False
2020-05-25,1396.54,5902,1370.82,6045.32,1,1,False
2020-05-26,1404.49,5986,1370.82,6045.32,1,1,False
2020-05-27,1403.47,5918,1370.82,6045.32,1,1,False
2020-05-28,1384.92,5902,1370.82,6045.32,1,1,False
2020-05-29,1396.36,5928,1370.82,6045.32,1,1,False
2020-05-30,1334.32,5670,1370.82,6045.32,1,1,False
2020-05-31,1358.16,5792,1370.82,6045.32,1,1,False
2020-06-01,1413.83,6002,1370.82,6045.32,1,1,False
2020-06-02,1402.59,6128,1370.82,6045.32,1,1,False
2020-06-03,1407.27,6196,1370.82,6045.32,1,1,False
2020-06-04,1422.64,6140,1370.82,6045.32,1,1,False
2020-06-05,1410.14,6257,1370.82,6045.32,1,1,False
2020-06-06,1403.47,6115,1370.82,6045.32,1,1,False
2020-06-07,1417.3,6059,1370.82,6045.32,1,1,False
2020-06-08,1407.7,6139,1370.82,6045.32,1,1,False
2020-06-09,1430.33,6329,1370.82,6045.32,1,1,False
2020-06-10,1405.56,6267,1370.82,6045.32,1,1,False
2020-06-11,1387.88,6069,1370.82,6045.32,1,1,False
2020-06-12,1411.13,6219,1370.82,6045.32,1,1,False
2020-06-13,1428.6,6329,1370.82,6045.32,1,1,False
2020-06-14,1410.0,6202,1370.82,6045.32,1,1,False
2020-06-15,1403.85,6194,1370.82,6045.32,1,1,False
2020-06-16,1442.89,6197,1370.82,6045.32,1,1,False
2020-06-17,1409.21,5963,1370.82,6045.32,1,1,False
2020-06-18,1377.71,6066,1370.82,6045.32,1,1,False
2020-06-19,1363.42,5958,1370.82,6045.32,1,1,False
2020-06-20,1411.48,5974,1370.82,6045.32,1,1,False
2020-06-21,1425.6,6002,1370.82,6045.32,1,1,False
2020-06-22,1421.51,6055,1370.82,6045.32,1,1,False
2020-06-23,1438.14,6177,1370.82,6045.32,1,1,False
2020-06-24,1429.55,6104,1370.82,6045.32,1,1,False
2020-06-25,1436.11,6156,1370.82,6045.32,1,1,False
2020-06-26,1442.82,6155,1370.82,6045.32,1,1,False
2020-06-27,1402.27,5990,1370.82,6045.32,1,1,False
2020-06-28,1426.39,6085,1370.82,6045.32,1,1,False
2020-06-29,1461.79,6207,1370.82,6045.32,1,1,False
2020-06-30,1429.72,4744,1370.82,6045.32,1,1,False
2020-07-01,1430.96,6204,818.99,3611.75,1,1,False
2020-07-02,1434.16,6172,818.99,3611.75,1,1,False
2020-07-03,1442.03,6274,818.99,3611.75,1,1,False
2020-07-04,1441.81,6274,818.99,3611.75,1,1,False
2020-07-05,1419.44,6193,818.99,3611.75,1,1,False
2020-07-06,1430.85,6312,818.99,3611.75,1,1,False
2020-07-07,1435.29,6076,818.99,3611.75,1,1,False
2020-07-08,1416.0,6154,818.99,3611.75,1,1,False
2020-07-09,1416.83,6046,818.99,3611.75,1,1,False
2020-07-10,1416.36,5950,818.99,3611.75,1,1,False
2020-07-11,1405.39,6022,818.99,3611.75,1,1,False
2020-07-12,1426.25,6163,818.99,3611.75,1,1,False
2020-07-13,1425.12,6210,818.99,3611.75,1,1,False
2020-07-14,1414.44,6068,818.99,3611.75,1,1,False
2020-07-15,1435.0,6121,818.99,3611.75,1,1,False
2020-07-16,1427.42,6118,818.99,3611.75,1,1,False
2020-07-17,1423.85,6048,818.99,3611.75,1,1,False
2020-07-18,1444.41,6190,818.99,3611.75,1,1,False
2020-07-19,1420.92,6089,818.99,3611.75,1,1,False
2020-07-20,1419.48,5961,818.99,3611.75,1,1,False
2020-07-21,1427.34,6002,818.99,3611.75,1,1,False
2020-07-22,1421.11,6005,818.99,3611.75,1,1,False
2020-07-23,1405.68,5925,818.99,3611.75,1,1,False
2020-07-24,1424.24,5989,818.99,3611.75,1,1,False
2020-07-25,1429.73,6012,818.99,3611.75,1,1,False
2020-07-26,1451.93,6031,818.99,3611.75,1,1,False
2020-07-27,1431.84,6197,818.99,3611.75,1,1,False
2020-07-28,1420.17,6053,818.99,3611.75,1,1,False
2020-07-29,1430.26,6109,818.99,3611.75,1,1,False
2020-07-30,1410.54,5967,818.99,3611.75,1,1,False
2020-07-31,1445.45,5950,818.99,3611.75,1,1,False
2020-08-01,1438.03,5952,1370.82,6045.32,1,1,False
2020-08-02,1445.23,5961,1370.82,6045.32,1,1,False
2020-08-03,1428.71,5965,1370.82,6045.32,1,1,False
2020-08-04,1439.6,5975,1370.82,6045.32,1,1,False
2020-08-05,1426.4,5814,1370.82,6045.32,1,1,False
2020-08-06,1433.64,6083,1370.82,6045.32,1,1,False
2020-08-07,1439.93,6099,1370.82,6045.32,1,1,False
2020-08-08,1430.03,6139,1370.82,6045.32,1,1,False
2020-08-09,1419.48,6078,1370.82,6045.32,1,1,False
2020-08-10,1436.33,6171,1370.82,6045.32,1,1,False
2020-08-11,1429.47,6117,1370.82,6045.32,1,1,False
2020-08-12,1403.49,6084,1370.82,6045.32,1,1,False
2020-08-13,1432.07,6178,1370.82,6045.32,1,1,False
2020-08-14,1436.37,6099,1370.82,6045.32,1,1,False
2020-08-15,1417.63,6015,1370.82,6045.32,1,1,False
2020-08-16,1396.29,5996,1370.82,6045.32,1,1,False
2020-08-17,1443.4,6074,1370.82,6045.32,1,1,False
2020-08-18,1412.89,5946,1370.82,6045.32,1,1,False
2020-08-19,1430.68,6019,1370.82,6045.32,1,1,False
2020-08-20,1426.58,6011,1370.82,6045.32,1,1,False
2020-08-21,1433.16,6139,1370.82,6045.32,1,1,False
2020-08-22,1426.05,6146,1370.82,6045.32,1,1,False
2020-08-23,1427.53,6194,1370.82,6045.32,1,1,False
2020-08-24,1436.09,6170,1370.82,6045.32,1,1,False
2020-08-25,1429.28,6051,1370.82,6045.32,1,1,False
2020-08-26,1422.55,6146,1370.82,6045.32,1,1,False
2020-08-27,1420.84,6075,1370.82,6045.32,1,1,False
2020-08-28,1402.62,5935,1370.82,6045.32,1,1,False
2020-08-29,1436.09,6252,1370.82,6045.32,1,1,False
2020-08-30,1425.84,6121,1370.82,6045.32,1,1,False
2020-08-31,1407.56,6078,1370.82,6045.32,1,1,False
2020-09-01,1388.17,5950,1370.82,6045.32,1,1,False
2020-09-02,1455.19,6038,1370.82,6045.32,1,1,False
2020-09-03,1426.32,6022,1370.82,6045.32,1,1,False
2020-09-04,1423.51,6050,1370.82,6045.32,1,1,False
2020-09-05,1419.56,6029,1370.82,6045.32,1,1,False
2020-09-06,1416.61,6012,1370.82,6045.32,1,1,False
2020-09-07,1424.3,6005,1370.82,6045.32,1,1,False
2020-09-08,1412.86,6008,1370.82,6045.32,1,1,False
2020-09-09,1428.86,6004,1370.82,6045.32,1,1,False
2020-09-10,1425.51,6029,1370.82,6045.32,1,1,False
2020-09-11,1380.78,5911,1370.82,6045.32,1,1,False
2020-09-12,1401.69,5933,1370.82,6045.32,1,1,False
2020-09-13,1427.29,5973,1370.82,6045.32,1,1,False
2020-09-14,1383.8294080065596,3408,1370.82,6045.32,1,0,True
2020-09-15,1383.8294080065596,3691,1370.82,6045.32,1,0,True
2020-09-16,1375.21,5969,1370.82,6045.32,1,1,False
2020-09-17,1425.93,5980,1370.82,6045.32,1,1,False
2020-09-18,1401.44,5914,1370.82,6045.32,1,1,False
2020-09-19,1404.06,5907,1370.82,6045.32,1,1,False
2020-09-20,1414.36,5910,1370.82,6045.32,1,1,False
2020-09-21,1404.81,5907,1370.82,6045.32,1,1,False
2020-09-22,1399.97,5901,1370.82,6045.32,1,1,False
2020-09-23,1419.78,5909,1370.82,6045.32,1,1,False
2020-09-24,1423.71,5908,1370.82,6045.32,1,1,False
2020-09-25,1413.22,5901,1370.82,6045.32,1,1,False
2020-09-26,1412.98,6003,1370.82,6045.32,1,1,False
2020-09-27,1429.05,6204,1370.82,6045.32,1,1,False
2020-09-28,1438.52,6140,1370.82,6045.32,1,1,False
2020-09-29,1426.14,6019,1370.82,6045.32,1,1,False
2020-09-30,1429.43,6005,1370.82,6045.32,1,1,False
2020-10-01,1442.62,6061,1370.82,6045.32,1,1,False
2020-10-02,1406.79,5903,1370.82,6045.32,1,1,False
2020-10-03,1443.02,6061,1370.82,6045.32,1,1,False
2020-10-04,1446.44,6074,1370.82,6045.32,1,1,False
2020-10-05,1414.73,5942,1370.82,6045.32,1,1,False
2020-10-06,1412.26,5932,1370.82,6045.32,1,1,False
2020-10-07,1413.64,5937,1370.82,6045.32,1,1,False
2020-10-08,1437.22,6036,1370.82,6045.32,1,1,False
2020-10-09,1407.91,5913,1370.82,6045.32,1,1,False
2020-10-10,1391.38,5844,1370.82,6045.32,1,1,False
2020-10-11,1408.1,5914,1370.82,6045.32,1,1,False
2020-10-12,1171.03,5031,1370.82,6045.32,0,1,False
2020-10-13,758.94,3263,1370.82,6045.32,0,1,False
2020-10-14,721.27,3002,1370.82,6045.32,0,1,False
2020-10-15,706.39,2860,1370.82,6045.32,0,1,False
2020-10-16,709.0,3002,1370.82,6045.32,0,1,False
2020-10-17,705.92,2965,1370.82,6045.32,0,1,False
2020-10-18,695.93,2923,1370.82,6045.32,0,1,False
2020-10-19,687.16,2886,1370.82,6045.32,0,1,False
2020-10-20,694.75,3026,1370.82,6045.32,0,1,False
2020-10-21,713.67,3154,1370.82,6045.32,0,1,False
2020-10-22,702.3,3022,1370.82,6045.32,0,1,False
2020-10-23,685.69,3028,1370.82,6045.32,0,1,False
2020-10-24,690.69,2898,1370.82,6045.32,0,1,False
2020-10-25,704.93,2908,1370.82,6045.32,0,1,False
2020-10-26,708.63,2922,1370.82,6045.32,0,1,False
2020-10-27,716.04,2985,1370.82,6045.32,0,1,False
2020-10-28,743.24,2983,1370.82,6045.32,0,1,False
2020-10-29,765.09,3526,1370.82,6045.32,0,1,False
2020-10-30,786.37,3572,1370.82,6045.32,0,1,False
2020-10-31,785.59,3580,1370.82,6045.32,0,1,False
2020-11-01,827.07,3706,1370.82,6045.32,0,1,False
2020-11-02,874.2,3714,1370.82,6045.32,0,1,False
2020-11-03,1258.55,5212,1370.82,6045.32,1,1,False
2020-11-04,1375.5,5644,1370.82,6045.32,1,1,False
2020-11-05,1399.39,5846,1370.82,6045.32,1,1,False
2020-11-06,1414.88,5941,1370.82,6045.32,1,1,False
2020-11-07,1411.12,6006,1370.82,6045.32,1,1,False
2020-11-08,1366.03,5980,1370.82,6045.32,1,1,False
2020-11-09,1348.22,5963,1370.82,6045.32,1,1,False
2020-11-10,1339.68,5953,1370.82,6045.32,1,1,False
2020-11-11,1360.04,5933,1370.82,6045.32,1,1,False
2020-11-12,1419.39,6016,1370.82,6045.32,1,1,False
2020-11-13,1388.67,5974,1370.82,6045.32,1,1,False
2020-11-14,1414.77,6025,1370.82,6045.32,1,1,False
2020-11-15,1396.29,6015,1370.82,6045.32,1,1,False
2020-11-16,1399.35,6020,1370.82,6045.32,1,1,False
2020-11-17,1404.15,6045,1370.82,6045.32,1,1,False
2020-11-18,1317.98,5705,1370.82,6045.32,1,1,False
2020-11-19,1372.53,5938,1370.82,6045.32,1,1,False
2020-11-20,1422.78,5946,1370.82,6045.32,1,1,False
2020-11-21,1419.85,5911,1370.82,6045.32,1,1,False
2020-11-22,1385.52,5740,1370.82,6045.32,1,1,False
2020-11-23,1385.0,5780,1370.82,6045.32,1,1,False
2020-11-24,1355.23,5732,1370.82,6045.32,1,1,False
2020-11-25,1431.46,5950,1370.82,6045.32,1,1,False
2020-11-26,1431.43,5946,1370.82,6045.32,1,1,False
2020-11-27,1396.92,5912,1370.82,6045.32,1,1,False
2020-11-28,1388.39,5904,1370.82,6045.32,1,1,False
2020-11-29,1412.02,5958,1370.82,6045.32,1,1,False
2020-11-30,1421.54,5974,1370.82,6045.32,1,1,False
2020-12-01,1440.63,5977,1370.82,6045.32,1,1,False
2020-12-02,1434.68,5944,1370.82,6045.32,1,1,False
2020-12-03,1412.32,5922,1370.82,6045.32,1,1,False
2020-12-04,1370.11,5812,1370.82,6045.32,1,1,False
2020-12-05,1394.08,5828,1370.82,6045.32,1,1,False
2020-12-06,1380.8,5818,1370.82,6045.32,1,1,False
2020-12-07,1405.96,5913,1370.82,6045.32,1,1,False
2020-12-08,1379.0,5806,1370.82,6045.32,1,1,False
2020-12-09,1373.29,5787,1370.82,6045.32,1,1,False
2020-12-10,1417.09,5887,1370.82,6045.32,1,1,False
2020-12-11,1426.52,5903,1370.82,6045.32,1,1,False
2020-12-12,1398.52,5824,1370.82,6045.32,1,1,False
2020-12-13,1376.73,5753,1370.82,6045.32,1,1,False
2020-12-14,1392.79,5800,1370.82,6045.32,1,1,False
2020-12-15,1385.45,5798,1370.82,6045.32,1,1,False
2020-12-16,1411.65,5900,1370.82,6045.32,1,1,False
2020-12-17,1405.26,5867,1370.82,6045.32,1,1,False
2020-12-18,1384.41,5785,1370.82,6045.32,1,1,False
2020-12-19,1380.09,5768,1370.82,6045.32,1,1,False
2020-12-20,1406.79,5880,1370.82,6045.32,1,1,False
2020-12-21,1387.98,5802,1370.82,6045.32,1,1,False
2020-12-22,1411.04,5844,1370.82,6045.32,1,1,False
2020-12-23,1386.87,5796,1370.82,6045.32,1,1,False
2020-12-24,1439.18,5944,1370.82,6045.32,1,1,False
2020-12-25,1416.61,5857,1370.82,6045.32,1,1,False
2020-12-26,1409.89,5854,1370.82,6045.32,1,1,False
2020-12-27,1416.34,5920,1370.82,6045.32,1,1,False
2020-12-28,1419.33,5922,1370.82,6045.32,1,1,False
2020-12-29,1386.5,5789,1370.82,6045.32,1,1,False
2020-12-30,1389.51,5795,1370.82,6045.32,1,1,False
2020-12-31,1403.33,5859,1370.82,6045.32,1,1,False
2021-01-01,1393.24,5810,1346.41,5736.02,1,1,False
2021-01-02,1418.2,5826,1346.41,5736.02,1,1,False
2021-01-03,1398.89,5833,1346.41,5736.02,1,1,False
2021-01-04,1385.31,5801,1346.41,5736.02,1,1,False
2021-01-05,1414.7,5884,1346.41,5736.02,1,1,False
2021-01-06,1411.94,5871,1346.41,5736.02,1,1,False
2021-01-07,1379.15,5736,1346.41,5736.02,1,1,False
2021-01-08,1422.11,5914,1346.41,5736.02,1,1,False
2021-01-09,1429.96,5947,1346.41,5736.02,1,1,False
2021-01-10,1417.17,5894,1346.41,5736.02,1,1,False
2021-01-11,1398.12,5815,1346.41,5736.02,1,1,False
2021-01-12,1421.88,5913,1346.41,5736.02,1,1,False
2021-01-13,1410.36,5865,1346.41,5736.02,1,1,False
2021-01-14,1429.97,5947,1346.41,5736.02,1,1,False
2021-01-15,1396.2,5807,1346.41,5736.02,1,1,False
2021-01-16,1411.16,5869,1346.41,5736.02,1,1,False
2021-01-17,1419.45,5903,1346.41,5736.02,1,1,False
2021-01-18,1412.82,5876,1346.41,5736.02,1,1,False
2021-01-19,1433.49,5962,1346.41,5736.02,1,1,False
2021-01-20,1364.95,5801,1346.41,5736.02,1,1,False
2021-01-21,1279.4,5438,1346.41,5736.02,1,1,False
2021-01-22,1353.94,5742,1346.41,5736.02,1,1,False
2021-01-23,1354.28,5741,1346.41,5736.02,1,1,False
2021-01-24,1299.65,5494,1346.41,5736.02,1,1,False
2021-01-25,1382.96,5878,1346.41,5736.02,1,1,False
2021-01-26,1421.52,5890,1346.41,5736.02,1,1,False
2021-01-27,1386.37,5720,1346.41,5736.02,1,1,False
2021-01-28,1424.79,5922,1346.41,5736.02,1,1,False
2021-01-29,1456.28,6060,1346.41,5736.02,1,1,False
2021-01-30,1410.64,5858,1346.41,5736.02,1,1,False
2021-01-31,1388.02,5755,1346.41,5736.02,1,1,False
2021-02-01,1440.57,5758,1194.99,5090.93,1,1,False
2021-02-02,1440.02,5766,1194.99,5090.93,1,1,False
2021-02-03,1406.02,5724,1194.99,5090.93,1,1,False
2021-02-04,1400.74,5707,1194.99,5090.93,1,1,False
2021-02-05,1434.07,5753,1194.99,5090.93,1,1,False
2021-02-06,1410.34,5718,1194.99,5090.93,1,1,False
2021-02-07,1424.96,5732,1194.99,5090.93,1,1,False
2021-02-08,1391.38,5012,1194.99,5090.93,1,1,False
2021-02-09,1429.93,5179,1194.99,5090.93,1,1,False
2021-02-10,1413.82,5153,1194.99,5090.93,1,1,False
2021-02-11,1406.16,6249,1194.99,5090.93,1,1,False
2021-02-12,1411.33,6377,1194.99,5090.93,1,1,False
2021-02-13,1438.08,6123,1194.99,5090.93,1,1,False
2021-02-14,1417.27,6006,1194.99,5090.93,1,1,False
2021-02-15,1426.39,6400,1194.99,5090.93,1,1,False
2021-02-16,1440.88,6503,1194.99,5090.93,1,1,False
2021-02-17,1379.47,6171,1194.99,5090.93,1,1,False
2021-02-18,1409.22,6273,1194.99,5090.93,1,1,False
2021-02-19,1439.87,6965,1194.99,5090.93,1,1,False
2021-02-20,1388.04,6194,1194.99,5090.93,1,1,False
2021-02-21,1419.3,200,1194.99,5090.93,1,1,False
2021-02-22,1444.04,6359,1194.99,5090.93,1,1,False
2021-02-23,1382.99,5685,1194.99,5090.93,1,1,False
2021-02-24,1394.78,5736,1194.99,5090.93,1,1,False
2021-02-25,1398.92,5745,1194.99,5090.93,1,1,False
2021-02-26,1394.69,5734,1194.99,5090.93,1,1,False
2021-02-27,1406.27,5781,1194.99,5090.93,1,1,False
2021-02-28,1384.04,5694,1194.99,5090.93,1,1,False
2021-03-01,1403.46,5774,1356.63,5779.54,1,1,False
2021-03-02,1412.77,5806,1356.63,5779.54,1,1,False
2021-03-03,1339.56,5693,1356.63,5779.54,1,1,False
2021-03-04,1369.79,5699,1356.63,5779.54,1,1,False
2021-03-05,1395.59,5802,1356.63,5779.54,1,1,False
2021-03-06,1394.5,5797,1356.63,5779.54,1,1,False
2021-03-07,1430.93,5953,1356.63,5779.54,1,1,False
2021-03-08,1404.78,5841,1356.63,5779.54,1,1,False
2021-03-09,1415.27,5884,1356.63,5779.54,1,1,False
2021-03-10,1444.16,6004,1356.63,5779.54,1,1,False
2021-03-11,1442.63,5998,1356.63,5779.54,1,1,False
2021-03-12,1412.64,5873,1356.63,5779.54,1,1,False
2021-03-13,1423.53,6014,1356.63,5779.54,1,1,False
2021-03-14,1424.9,6056,1356.63,5779.54,1,1,False
2021-03-15,1412.26,6020,1356.63,5779.54,1,1,False
2021-03-16,1406.48,6002,1356.63,5779.54,1,1,False
2021-03-17,1387.11,5926,1356.63,5779.54,1,1,False
2021-03-18,1408.32,5981,1356.63,5779.54,1,1,False
2021-03-19,1372.32,5832,1356.63,5779.54,1,1,False
2021-03-20,1399.24,5947,1356.63,5779.54,1,1,False
2021-03-21,1421.35,6041,1356.63,5779.54,1,1,False
2021-03-22,1352.52,5748,1356.63,5779.54,1,1,False
2021-03-23,1389.56,5906,1356.63,5779.54,1,1,False
2021-03-24,1361.5531132627882,4093,1356.63,5779.54,1,0,True
2021-03-25,1361.5531132627882,3274,1356.63,5779.54,1,0,True
2021-03-26,1361.5531132627882,4315,1356.63,5779.54,1,0,True
2021-03-27,1174.07,4990,1356.63,5779.54,1,1,False
2021-03-28,1172.0,4981,1356.63,5779.54,1,1,False
2021-03-29,1176.4,5000,1356.63,5779.54,1,1,False
2021-03-30,1361.5531132627882,2731,1356.63,5779.54,1,0,True
2021-03-31,1361.5531132627882,16,1356.63,5779.54,1,0,True
2021-04-01,1362.5356834999145,16,1342.83,5720.74,1,0,True
2021-04-02,1362.5356834999145,48,1342.83,5720.74,1,0,True
2021-04-03,1362.5356834999145,1445,1342.83,5720.74,1,0,True
2021-04-04,1362.5356834999145,3981,1342.83,5720.74,1,0,True
2021-04-05,1304.75,4173,1342.83,5720.74,1,1,False
2021-04-06,1355.16,5642,1342.83,5720.74,1,1,False
2021-04-07,1362.12,5698,1342.83,5720.74,1,1,False
2021-04-08,1378.14,5777,1342.83,5720.74,1,1,False
2021-04-09,1392.41,5799,1342.83,5720.74,1,1,False
2021-04-10,1421.86,5933,1342.83,5720.74,1,1,False
2021-04-11,1433.58,6075,1342.83,5720.74,1,1,False
2021-04-12,1405.33,5989,1342.83,5720.74,1,1,False
2021-04-13,1410.71,5943,1342.83,5720.74,1,1,False
2021-04-14,1434.51,6070,1342.83,5720.74,1,1,False
2021-04-15,1448.31,6058,1342.83,5720.74,1,1,False
2021-04-16,1379.08,5825,1342.83,5720.74,1,1,False
2021-04-17,1419.61,6021,1342.83,5720.74,1,1,False
2021-04-18,1460.75,6205,1342.83,5720.74,1,1,False
2021-04-19,1445.98,6138,1342.83,5720.74,1,1,False
2021-04-20,1428.39,6102,1342.83,5720.74,1,1,False
2021-04-21,1392.23,5965,1342.83,5720.74,1,1,False
2021-04-22,1398.47,6122,1342.83,5720.74,1,1,False
2021-04-23,1408.82,6100,1342.83,5720.74,1,1,False
2021-04-24,1444.03,6125,1342.83,5720.74,1,1,False
2021-04-25,1443.53,6120,1342.83,5720.74,1,1,False
2021-04-26,1407.48,5930,1342.83,5720.74,1,1,False
2021-04-27,1311.63,5510,1342.83,5720.74,1,1,False
2021-04-28,1359.3,5745,1342.83,5720.74,1,1,False
2021-04-29,1419.16,6018,1342.83,5720.74,1,1,False
2021-04-30,1420.0,6025,1342.83,5720.74,1,1,False
2021-05-01,1397.07,5953,1381.62,5886.01,1,1,False
2021-05-02,1418.82,6020,1381.62,5886.01,1,1,False
2021-05-03,1409.61,5976,1381.62,5886.01,1,1,False
2021-05-04,1396.04,5918,1381.62,5886.01,1,1,False
2021-05-05,1366.66,5792,1381.62,5886.01,1,1,False
2021-05-06,1364.8353893598005,5762,1381.62,5886.01,1,0,True
2021-05-07,1364.8353893598005,0,1381.62,5886.01,1,0,True
2021-05-08,1364.8353893598005,302,1381.62,5886.01,1,0,True
2021-05-09,1364.8353893598005,1154,1381.62,5886.01,1,0,True
2021-05-10,1364.8353893598005,4018,1381.62,5886.01,1,0,True
2021-05-11,1364.8353893598005,3169,1381.62,5886.01,1,0,True
2021-05-12,1364.8353893598005,3176,1381.62,5886.01,1,0,True
2021-05-13,1364.8353893598005,3097,1381.62,5886.01,1,0,True
2021-05-14,1364.8353893598005,3208,1381.62,5886.01,1,0,True
2021-05-15,1364.8353893598005,3343,1381.62,5886.01,1,0,True
2021-05-16,1364.8353893598005,3392,1381.62,5886.01,1,0,True
2021-05-17,1364.8353893598005,3273,1381.62,5886.01,1,0,True
2021-05-18,1364.8353893598005,3321,1381.62,5886.01,1,0,True
2021-05-19,1364.8353893598005,3313,1381.62,5886.01,1,0,True
2021-05-20,1364.8353893598005,3487,1381.62,5886.01,1,0,True
2021-05-21,1364.8353893598005,3215,1381.62,5886.01,1,0,True
2021-05-22,1364.8353893598005,2980,1381.62,5886.01,1,0,True
2021-05-23,1078.75,3592,1381.62,5886.01,1,1,False
2021-05-24,1348.26,5854,1381.62,5886.01,1,1,False
2021-05-25,1401.5,6056,1381.62,5886.01,1,1,False
2021-05-26,1418.54,6142,1381.62,5886.01,1,1,False
2021-05-27,1391.49,6026,1381.62,5886.01,1,1,False
2021-05-28,1414.43,6124,1381.62,5886.01,1,1,False
2021-05-29,1407.13,6130,1381.62,5886.01,1,1,False
2021-05-30,1413.18,6194,1381.62,5886.01,1,1,False
2021-05-31,1422.76,6145,1381.62,5886.01,1,1,False
2021-06-01,1418.1,6124,1412.92,6019.35,1,1,False
2021-06-02,1449.66,6260,1412.92,6019.35,1,1,False
2021-06-03,1426.49,6159,1412.92,6019.35,1,1,False
2021-06-04,1437.46,6254,1412.92,6019.35,1,1,False
2021-06-05,1422.93,6227,1412.92,6019.35,1,1,False
2021-06-06,1427.8,6226,1412.92,6019.35,1,1,False
2021-06-07,1412.97,6223,1412.92,6019.35,1,1,False
2021-06-08,1435.63,6245,1412.92,6019.35,1,1,False
2021-06-09,1442.06,6215,1412.92,6019.35,1,1,False
2021-06-10,1385.85,5989,1412.92,6019.35,1,1,False
2021-06-11,1408.51,6033,1412.92,6019.35,1,1,False
2021-06-12,1405.69,6059,1412.92,6019.35,1,1,False
2021-06-13,1427.35,6064,1412.92,6019.35,1,1,False
2021-06-14,1454.58,6164,1412.92,6019.35,1,1,False
2021-06-15,1453.82,6178,1412.92,6019.35,1,1,False
2021-06-16,1447.59,6152,1412.92,6019.35,1,1,False
2021-06-17,1408.28,6039,1412.92,6019.35,1,1,False
2021-06-18,1449.75,6081,1412.92,6019.35,1,1,False
2021-06-19,1418.89,6030,1412.92,6019.35,1,1,False
2021-06-20,1405.37,5930,1412.92,6019.35,1,1,False
2021-06-21,1399.11,5905,1412.92,6019.35,1,1,False
2021-06-22,1445.38,6109,1412.92,6019.35,1,1,False
2021-06-23,1377.67,5815,1412.92,6019.35,1,1,False
2021-06-24,1405.13,5938,1412.92,6019.35,1,1,False
2021-06-25,1420.61,6008,1412.92,6019.35,1,1,False
2021-06-26,1437.56,6088,1412.92,6019.35,1,1,False
2021-06-27,1424.98,6012,1412.92,6019.35,1,1,False
2021-06-28,1423.67,6008,1412.92,6019.35,1,1,False
2021-06-29,1446.71,6113,1412.92,6019.35,1,1,False
2021-06-30,1431.12,6051,1412.92,6019.35,1,1,False
2021-07-01,1409.86,5954,1423.07,6062.62,1,1,False
2021-07-02,1424.04,6008,1423.07,6062.62,1,1,False
2021-07-03,1425.05,5998,1423.07,6062.62,1,1,False
2021-07-04,1432.14,6057,1423.07,6062.62,1,1,False
2021-07-05,1438.93,6086,1423.07,6062.62,1,1,False
2021-07-06,1435.92,5957,1423.07,6062.62,1,1,False
2021-07-07,1403.2,5919,1423.07,6062.62,1,1,False
2021-07-08,1413.17,5950,1423.07,6062.62,1,1,False
2021-07-09,1415.78,5862,1423.07,6062.62,1,1,False
2021-07-10,1395.74,5776,1423.07,6062.62,1,1,False
2021-07-11,1377.92,5700,1423.07,6062.62,1,1,False
2021-07-12,1389.05,5754,1423.07,6062.62,1,1,False
2021-07-13,1388.32,5743,1423.07,6062.62,1,1,False
2021-07-14,1417.62,5869,1423.07,6062.62,1,1,False
2021-07-15,1425.46,5986,1423.07,6062.62,1,1,False
2021-07-16,1437.0,6030,1423.07,6062.62,1,1,False
2021-07-17,1398.82,5861,1423.07,6062.62,1,1,False
2021-07-18,1442.38,6039,1423.07,6062.62,1,1,False
2021-07-19,1440.61,6041,1423.07,6062.62,1,1,False
2021-07-20,1411.14,5908,1423.07,6062.62,1,1,False
2021-07-21,1425.84,5973,1423.07,6062.62,1,1,False
2021-07-22,1427.55,5968,1423.07,6062.62,1,1,False
2021-07-23,1417.17,5925,1423.07,6062.62,1,1,False
2021-07-24,1437.78,6000,1423.07,6062.62,1,1,False
2021-07-25,1424.78,5930,1423.07,6062.62,1,1,False
2021-07-26,1412.09,5881,1423.07,6062.62,1,1,False
2021-07-27,1404.95,5845,1423.07,6062.62,1,1,False
2021-07-28,1394.03,5791,1423.07,6062.62,1,1,False
2021-07-29,1404.57,5831,1423.07,6062.62,1,1,False
2021-07-30,1408.36,5850,1423.07,6062.62,1,1,False
2021-07-31,1415.7,5880,1423.07,6062.62,1,1,False
2021-08-01,1404.74,5836,1421.69,6056.73,1,1,False
2021-08-02,1419.11,5893,1421.69,6056.73,1,1,False
2021-08-03,1437.71,5966,1421.69,6056.73,1,1,False
2021-08-04,1449.04,5941,1421.69,6056.73,1,1,False
2021-08-05,1437.73,5967,1421.69,6056.73,1,1,False
2021-08-06,1405.13,5831,1421.69,6056.73,1,1,False
2021-08-07,1412.58,5862,1421.69,6056.73,1,1,False
2021-08-08,1425.6,5844,1421.69,6056.73,1,1,False
2021-08-09,1407.47,5841,1421.69,6056.73,1,1,False
2021-08-10,1371.54,5749,1421.69,6056.73,1,1,False
2021-08-11,1419.1,5889,1421.69,6056.73,1,1,False
2021-08-12,1409.02,5874,1421.69,6056.73,1,1,False
2021-08-13,1402.5,5873,1421.69,6056.73,1,1,False
2021-08-14,1428.34,5895,1421.69,6056.73,1,1,False
2021-08-15,1434.72,5912,1421.69,6056.73,1,1,False
2021-08-16,1406.45,5841,1421.69,6056.73,1,1,False
2021-08-17,1427.78,5876,1421.69,6056.73,1,1,False
2021-08-18,1421.55,5868,1421.69,6056.73,1,1,False
2021-08-19,1365.3,5721,1421.69,6056.73,1,1,False
2021-08-20,1436.94,5957,1421.69,6056.73,1,1,False
2021-08-21,1416.08,5919,1421.69,6056.73,1,1,False
2021-08-22,1401.15,5866,1421.69,6056.73,1,1,False
2021-08-23,1401.87,5918,1421.69,6056.73,1,1,False
2021-08-24,1420.11,5920,1421.69,6056.73,1,1,False
2021-08-25,1391.16,5870,1421.69,6056.73,1,1,False
2021-08-26,1328.68,5663,1421.69,6056.73,1,1,False
2021-08-27,1420.79,5910,1421.69,6056.73,1,1,False
2021-08-28,1418.51,5927,1421.69,6056.73,1,1,False
2021-08-29,1391.15,5805,1421.69,6056.73,1,1,False
2021-08-30,1421.59,5856,1421.69,6056.73,1,1,False
2021-08-31,1438.13,5976,1421.69,6056.73,1,1,False
2021-09-01,1424.59,5846,1419.83,6048.78,1,1,False
2021-09-02,1366.49,5670,1419.83,6048.78,1,1,False
2021-09-03,1431.44,5861,1419.83,6048.78,1,1,False
2021-09-04,1362.0050239984705,3611,1419.83,6048.78,1,0,True
2021-09-05,1362.0050239984705,3272,1419.83,6048.78,1,0,True
2021-09-06,1025.74,3335,1419.83,6048.78,1,1,False
2021-09-07,1063.82,3390,1419.83,6048.78,1,1,False
2021-09-08,1035.91,3350,1419.83,6048.78,1,1,False
2021-09-09,1362.0050239984705,3085,1419.83,6048.78,1,0,True
2021-09-10,1362.0050239984705,2862,1419.83,6048.78,1,0,True
2021-09-11,1362.0050239984705,2875,1419.83,6048.78,1,0,True
2021-09-12,1362.0050239984705,2886,1419.83,6048.78,1,0,True
2021-09-13,1129.76,4617,1419.83,6048.78,1,1,False
2021-09-14,1297.83,5131,1419.83,6048.78,1,1,False
2021-09-15,1330.91,5147,1419.83,6048.78,1,1,False
2021-09-16,1355.7,5235,1419.83,6048.78,1,1,False
2021-09-17,1338.23,5062,1419.83,6048.78,1,1,False
2021-09-18,1346.51,5092,1419.83,6048.78,1,1,False
2021-09-19,1332.28,5014,1419.83,6048.78,1,1,False
2021-09-20,1310.0,5024,1419.83,6048.78,1,1,False
2021-09-21,1336.35,5428,1419.83,6048.78,1,1,False
2021-09-22,1334.06,5380,1419.83,6048.78,1,1,False
2021-09-23,1310.09,5340,1419.83,6048.78,1,1,False
2021-09-24,1344.91,6295,1419.83,6048.78,1,1,False
2021-09-25,1339.36,5906,1419.83,6048.78,1,1,False
2021-09-26,1345.89,5928,1419.83,6048.78,1,1,False
2021-09-27,1342.28,5895,1419.83,6048.78,1,1,False
2021-09-28,1329.77,5911,1419.83,6048.78,1,1,False
2021-09-29,1342.3,5926,1419.83,6048.78,1,1,False
2021-09-30,1319.68,5990,1419.83,6048.78,1,1,False
2021-10-01,1335.15,5995,845.2,3600.74,1,1,False
2021-10-02,1353.6903289408788,4163,845.2,3600.74,1,0,True
2021-10-03,1353.6903289408788,3357,845.2,3600.74,1,0,True
2021-10-04,1353.6903289408788,3364,845.2,3600.74,1,0,True
2021-10-05,1353.6903289408788,3390,845.2,3600.74,1,0,True
2021-10-06,1353.6903289408788,3531,845.2,3600.74,1,0,True
2021-10-07,1353.6903289408788,3587,845.2,3600.74,1,0,True
2021-10-08,1353.6903289408788,3453,845.2,3600.74,1,0,True
2021-10-09,1353.6903289408788,4947,845.2,3600.74,1,0,True
2021-10-10,1297.55,3959,845.2,3600.74,1,1,False
2021-10-11,1350.65,5866,845.2,3600.74,1,1,False
2021-10-12,1362.83,5912,845.2,3600.74,1,1,False
2021-10-13,1367.7,6038,845.2,3600.74,1,1,False
2021-10-14,1384.97,6298,845.2,3600.74,1,1,False
2021-10-15,1353.29,6164,845.2,3600.74,1,1,False
2021-10-16,1310.59,5705,845.2,3600.74,1,1,False
2021-10-17,1444.36,6462,845.2,3600.74,1,1,False
2021-10-18,1332.5,5648,845.2,3600.74,1,1,False
2021-10-19,1401.22,6075,845.2,3600.74,1,1,False
2021-10-20,1389.61,6194,845.2,3600.74,1,1,False
2021-10-21,1427.25,6446,845.2,3600.74,1,1,False
2021-10-22,1446.0,6331,845.2,3600.74,1,1,False
2021-10-23,1382.7,6225,845.2,3600.74,1,1,False
2021-10-24,1421.84,6376,845.2,3600.74,1,1,False
2021-10-25,1419.48,6360,845.2,3600.74,1,1,False
2021-10-26,1397.2,4983,845.2,3600.74,1,1,False
2021-10-27,1400.84,6387,845.2,3600.74,1,1,False
2021-10-28,1395.87,6330,845.2,3600.74,1,1,False
2021-10-29,1353.6903289408788,5112,845.2,3600.74,1,0,True
2021-10-30,1353.6903289408788,4560,845.2,3600.74,1,0,True
2021-10-31,1365.12,6306,845.2,3600.74,1,1,False
2021-11-01,1405.57,6131,1133.46,4828.78,1,1,False
2021-11-02,1339.11,5877,1133.46,4828.78,1,1,False
2021-11-03,1359.52,5839,1133.46,4828.78,1,1,False
2021-11-04,1430.33,6319,1133.46,4828.78,1,1,False
2021-11-05,1369.68,5745,1133.46,4828.78,1,1,False
2021-11-06,1396.98,6253,1133.46,4828.78,1,1,False
2021-11-07,1387.75,5863,1133.46,4828.78,1,1,False
2021-11-08,1338.64,5791,1133.46,4828.78,1,1,False
2021-11-09,1361.34,5561,1133.46,4828.78,1,1,False
2021-11-10,1439.66,6205,1133.46,4828.78,1,1,False
2021-11-11,1440.48,4749,1133.46,4828.78,1,1,False
2021-11-12,1441.1,6330,1133.46,4828.78,1,1,False
2021-11-13,1422.92,6061,1133.46,4828.78,1,1,False
2021-11-14,1418.63,6259,1133.46,4828.78,1,1,False
2021-11-15,1418.45,6134,1133.46,4828.78,1,1,False
2021-11-16,1409.76,5870,1133.46,4828.78,1,1,False
2021-11-17,1407.14,6115,1133.46,4828.78,1,1,False
2021-11-18,1394.57,5911,1133.46,4828.78,1,1,False
2021-11-19,1368.48,5721,1133.46,4828.78,1,1,False
2021-11-20,1427.5,5841,1133.46,4828.78,1,1,False
2021-11-21,1380.28,5808,1133.46,4828.78,1,1,False
2021-11-22,1408.64,5948,1133.46,4828.78,1,1,False
2021-11-23,1358.38,5729,1133.46,4828.78,1,1,False
2021-11-24,1408.13,5854,1133.46,4828.78,1,1,False
2021-11-25,1348.43,5838,1133.46,4828.78,1,1,False
2021-11-26,1376.35,5830,1133.46,4828.78,1,1,False
2021-11-27,1375.83,4300,1133.46,4828.78,1,1,False
2021-11-28,1379.81,5855,1133.46,4828.78,1,1,False
2021-11-29,1378.04,5959,1133.46,4828.78,1,1,False
2021-11-30,1365.79,5950,1133.46,4828.78,1,1,False
2021-12-01,1424.02,5968,1346.09,5734.64,1,1,False
2021-12-02,1402.79,6047,1346.09,5734.64,1,1,False
2021-12-03,1436.91,6179,1346.09,5734.64,1,1,False
2021-12-04,1415.59,5777,1346.09,5734.64,1,1,False
2021-12-05,1409.2,5776,1346.09,5734.64,1,1,False
2021-12-06,1444.0,6155,1346.09,5734.64,1,1,False
2021-12-07,1381.12,6036,1346.09,5734.64,1,1,False
2021-12-08,1427.19,6099,1346.09,5734.64,1,1,False
2021-12-09,1332.99,5546,1346.09,5734.64,1,1,False
2021-12-10,1323.17,5163,1346.09,5734.64,1,1,False
2021-12-11,1293.07,5007,1346.09,5734.64,1,1,False
2021-12-12,1302.56,5389,1346.09,5734.64,1,1,False
2021-12-13,1393.13,5687,1346.09,5734.64,1,1,False
2021-12-14,1386.58,5728,1346.09,5734.64,1,1,False
2021-12-15,1390.19,5640,1346.09,5734.64,1,1,False
2021-12-16,1398.66,5878,1346.09,5734.64,1,1,False
2021-12-17,1404.93,6068,1346.09,5734.64,1,1,False
2021-12-18,1311.88,5730,1346.09,5734.64,1,1,False
2021-12-19,1382.11,6164,1346.09,5734.64,1,1,False
2021-12-20,1399.94,5396,1346.09,5734.64,1,1,False
2021-12-21,1329.21,5026,1346.09,5734.64,1,1,False
2021-12-22,1420.51,5998,1346.09,5734.64,1,1,False
2021-12-23,1403.78,6021,1346.09,5734.64,1,1,False
2021-12-24,1397.61,5739,1346.09,5734.64,1,1,False
2021-12-25,1379.96,5950,1346.09,5734.64,1,1,False
2021-12-26,1395.64,5982,1346.09,5734.64,1,1,False
2021-12-27,1308.06,5413,1346.09,5734.64,1,1,False
2021-12-28,1345.32,5783,1346.09,5734.64,1,1,False
2021-12-29,1394.15,5833,1346.09,5734.64,1,1,False
2021-12-30,1366.88,5886,1346.09,5734.64,1,1,False
2021-12-31,1418.89,5130,1346.09,5734.64,1,1,False
2022-01-01,1431.42,6031,1007.96,4243.6,1,1,False
2022-01-02,1430.1,5945,1007.96,4243.6,1,1,False
2022-01-03,1397.47,6037,1007.96,4243.6,1,1,False
2022-01-04,1319.03,5563,1007.96,4243.6,1,1,False
2022-01-05,1424.81,5918,1007.96,4243.6,1,1,False
2022-01-06,1372.22,5722,1007.96,4243.6,1,1,False
2022-01-07,1381.3,5696,1007.96,4243.6,1,1,False
2022-01-08,1386.66,5759,1007.96,4243.6,1,1,False
2022-01-09,1408.34,5885,1007.96,4243.6,1,1,False
2022-01-10,1376.48,5673,1007.96,4243.6,1,1,False
2022-01-11,1372.82,5657,1007.96,4243.6,1,1,False
2022-01-12,1307.99,5516,1007.96,4243.6,1,1,False
2022-01-13,1314.37,5817,1007.96,4243.6,1,1,False
2022-01-14,1342.38,6061,1007.96,4243.6,1,1,False
2022-01-15,1392.57,5989,1007.96,4243.6,1,1,False
2022-01-16,1431.28,6035,1007.96,4243.6,1,1,False
2022-01-17,1438.29,5926,1007.96,4243.6,1,1,False
2022-01-18,1397.39,6059,1007.96,4243.6,1,1,False
2022-01-19,1402.34,5926,1007.96,4243.6,1,1,False
2022-01-20,1410.65,5218,1007.96,4243.6,1,1,False
2022-01-21,1291.36,5531,1007.96,4243.6,1,1,False
2022-01-22,1459.74,6069,1007.96,4243.6,1,1,False
2022-01-23,1105.37,4370,1007.96,4243.6,0,1,False
2022-01-24,735.72,2750,1007.96,4243.6,0,1,False
2022-01-25,719.46,2828,1007.96,4243.6,0,1,False
2022-01-26,688.45,2828,1007.96,4243.6,0,1,False
2022-01-27,687.34,2733,1007.96,4243.6,0,1,False
2022-01-28,731.45,2829,1007.96,4243.6,0,1,False
2022-01-29,699.49,2867,1007.96,4243.6,0,1,False
2022-01-30,712.14,3303,1007.96,4243.6,0,1,False
2022-01-31,700.01,2939,1007.96,4243.6,0,1,False
2022-02-01,711.09,2977,933.68,3930.87,0,1,False
2022-02-02,682.52,2861,933.68,3930.87,0,1,False
2022-02-03,676.51,2829,933.68,3930.87,0,1,False
2022-02-04,681.13,2837,933.68,3930.87,0,1,False
2022-02-05,674.04,2907,933.68,3930.87,0,1,False
2022-02-06,707.55,2965,933.68,3930.87,0,1,False
2022-02-07,710.56,2852,933.68,3930.87,0,1,False
2022-02-08,697.8,2984,933.68,3930.87,0,1,False
2022-02-09,698.62,2928,933.68,3930.87,0,1,False
2022-02-10,711.62,2955,933.68,3930.87,0,1,False
2022-02-11,720.66,2789,933.68,3930.87,0,1,False
2022-02-12,694.92,2883,933.68,3930.87,0,1,False
2022-02-13,712.89,3057,933.68,3930.87,0,1,False
2022-02-14,719.05,3049,933.68,3930.87,0,1,False
2022-02-15,707.68,2893,933.68,3930.87,0,1,False
2022-02-16,706.24,3033,933.68,3930.87,0,1,False
2022-02-17,694.31,2978,933.68,3930.87,0,1,False
2022-02-18,711.46,3098,933.68,3930.87,0,1,False
2022-02-19,727.72,3028,933.68,3930.87,0,1,False
2022-02-20,778.93,3120,933.68,3930.87,0,1,False
2022-02-21,778.85,2961,933.68,3930.87,0,1,False
2022-02-22,774.33,2962,933.68,3930.87,0,1,False
2022-02-23,758.88,2919,933.68,3930.87,0,1,False
2022-02-24,1377.266197107265,1899,933.68,3930.87,1,0,True
2022-02-25,1377.266197107265,2972,933.68,3930.87,1,0,True
2022-02-26,1377.266197107265,4188,933.68,3930.87,1,0,True
2022-02-27,1224.46,4828,933.68,3930.87,1,1,False
2022-02-28,1376.85,5506,933.68,3930.87,1,1,False
2022-03-01,1357.55,5627,1337.4,5630.58,1,1,False
2022-03-02,1347.32,5478,1337.4,5630.58,1,1,False
2022-03-03,1350.33,5800,1337.4,5630.58,1,1,False
2022-03-04,1240.91,5389,1337.4,5630.58,1,1,False
2022-03-05,1325.8,5721,1337.4,5630.58,1,1,False
2022-03-06,1408.9,5832,1337.4,5630.58,1,1,False
2022-03-07,1414.3,6012,1337.4,5630.58,1,1,False
2022-03-08,1354.11,5711,1337.4,5630.58,1,1,False
2022-03-09,1406.88,5688,1337.4,5630.58,1,1,False
2022-03-10,1326.7914573812373,5475,1337.4,5630.58,1,0,True
2022-03-11,1326.7914573812373,2031,1337.4,5630.58,1,0,True
2022-03-12,1326.7914573812373,3354,1337.4,5630.58,1,0,True
2022-03-13,1192.08,4978,1337.4,5630.58,1,1,False
2022-03-14,1368.72,5769,1337.4,5630.58,1,1,False
2022-03-15,1355.78,5577,1337.4,5630.58,1,1,False
2022-03-16,1352.04,5768,1337.4,5630.58,1,1,False
2022-03-17,1366.89,5648,1337.4,5630.58,1,1,False
2022-03-18,1437.18,6071,1337.4,5630.58,1,1,False
2022-03-19,1379.37,5807,1337.4,5630.58,1,1,False
2022-03-20,1430.12,5719,1337.4,5630.58,1,1,False
2022-03-21,1326.7914573812373,3024,1337.4,5630.58,1,0,True
2022-03-22,1326.7914573812373,4197,1337.4,5630.58,1,0,True
2022-03-23,1373.45,5649,1337.4,5630.58,1,1,False
2022-03-24,1448.24,5888,1337.4,5630.58,1,1,False
2022-03-25,1384.7,5776,1337.4,5630.58,1,1,False
2022-03-26,1357.04,5610,1337.4,5630.58,1,1,False
2022-03-27,1353.41,5635,1337.4,5630.58,1,1,False
2022-03-28,1357.04,5491,1337.4,5630.58,1,1,False
2022-03-29,1361.57,5499,1337.4,5630.58,1,1,False
2022-03-30,1370.59,5737,1337.4,5630.58,1,1,False
2022-03-31,1432.73,5187,1337.4,5630.58,1,1,False
2022-04-01,1415.64,5959,1324.56,5576.53,1,1,False
2022-04-02,1425.49,5899,1324.56,5576.53,1,1,False
2022-04-03,1398.16,6117,1324.56,5576.53,1,1,False
2022-04-04,1401.05,5982,1324.56,5576.53,1,1,False
2022-04-05,1413.39,5830,1324.56,5576.53,1,1,False
2022-04-06,1387.37,5603,1324.56,5576.53,1,1,False
2022-04-07,1410.88,5819,1324.56,5576.53,1,1,False
2022-04-08,1442.37,5999,1324.56,5576.53,1,1,False
2022-04-09,1448.13,5957,1324.56,5576.53,1,1,False
2022-04-10,1406.14,6258,1324.56,5576.53,1,1,False
2022-04-11,1474.29,6092,1324.56,5576.53,1,1,False
2022-04-12,1435.96,6062,1324.56,5576.53,1,1,False
2022-04-13,1393.03,6022,1324.56,5576.53,1,1,False
2022-04-14,1389.59,6005,1324.56,5576.53,1,1,False
2022-04-15,1393.07,5838,1324.56,5576.53,1,1,False
2022-04-16,1346.15,5681,1324.56,5576.53,1,1,False
2022-04-17,1325.3111364416034,4787,1324.56,5576.53,1,0,True
2022-04-18,1325.3111364416034,3056,1324.56,5576.53,1,0,True
2022-04-19,1325.3111364416034,1875,1324.56,5576.53,1,0,True
2022-04-20,1325.3111364416034,2861,1324.56,5576.53,1,0,True
2022-04-21,1325.3111364416034,2908,1324.56,5576.53,1,0,True
2022-04-22,1325.3111364416034,3153,1324.56,5576.53,1,0,True
2022-04-23,1325.3111364416034,2900,1324.56,5576.53,1,0,True
2022-04-24,1325.3111364416034,3026,1324.56,5576.53,1,0,True
2022-04-25,1325.3111364416034,2782,1324.56,5576.53,1,0,True
2022-04-26,1325.3111364416034,2908,1324.56,5576.53,1,0,True
2022-04-27,1325.3111364416034,3003,1324.56,5576.53,1,0,True
2022-04-28,1325.3111364416034,4203,1324.56,5576.53,1,0,True
2022-04-29,1384.16,5791,1324.56,5576.53,1,1,False
2022-04-30,1378.15,5703,1324.56,5576.53,1,1,False
2022-05-01,1353.2,5667,1362.66,5736.92,1,1,False
2022-05-02,1377.18,5776,1362.66,5736.92,1,1,False
2022-05-03,1309.05,5611,1362.66,5736.92,1,1,False
2022-05-04,1317.03,5578,1362.66,5736.92,1,1,False
2022-05-05,1367.26,5824,1362.66,5736.92,1,1,False
2022-05-06,1362.83,5839,1362.66,5736.92,1,1,False
2022-05-07,1345.8,5822,1362.66,5736.92,1,1,False
2022-05-08,1281.92,5404,1362.66,5736.92,1,1,False
2022-05-09,1365.75,5909,1362.66,5736.92,1,1,False
2022-05-10,1385.58,5705,1362.66,5736.92,1,1,False
2022-05-11,1359.53,5593,1362.66,5736.92,1,1,False
2022-05-12,1334.82,5482,1362.66,5736.92,1,1,False
2022-05-13,1302.38,5014,1362.66,5736.92,1,1,False
2022-05-14,1409.44,5887,1362.66,5736.92,1,1,False
2022-05-15,1389.53,5768,1362.66,5736.92,1,1,False
2022-05-16,1326.05,5695,1362.66,5736.92,1,1,False
2022-05-17,1322.1,5522,1362.66,5736.92,1,1,False
2022-05-18,1390.32,5917,1362.66,5736.92,1,1,False
2022-05-19,1364.62,5838,1362.66,5736.92,1,1,False
2022-05-20,1374.88,5944,1362.66,5736.92,1,1,False
2022-05-21,1400.41,5966,1362.66,5736.92,1,1,False
2022-05-22,1414.27,5927,1362.66,5736.92,1,1,False
2022-05-23,1367.37,5684,1362.66,5736.92,1,1,False
2022-05-24,1432.54,5941,1362.66,5736.92,1,1,False
2022-05-25,1403.41,5568,1362.66,5736.92,1,1,False
2022-05-26,1384.23,5558,1362.66,5736.92,1,1,False
2022-05-27,1350.46,5420,1362.66,5736.92,1,1,False
2022-05-28,1384.95,5547,1362.66,5736.92,1,1,False
2022-05-29,1395.05,5667,1362.66,5736.92,1,1,False
2022-05-30,1406.9,5629,1362.66,5736.92,1,1,False
2022-05-31,1363.8,5883,1362.66,5736.92,1,1,False
2022-06-01,1296.62,5405,1401.55,5900.68,1,1,False
2022-06-02,1330.77,5611,1401.55,5900.68,1,1,False
2022-06-03,1330.6,5673,1401.55,5900.68,1,1,False
2022-06-04,1437.27,6108,1401.55,5900.68,1,1,False
2022-06-05,1465.09,6191,1401.55,5900.68,1,1,False
2022-06-06,1418.88,5995,1401.55,5900.68,1,1,False
2022-06-07,1323.213387222326,3321,1401.55,5900.68,1,0,True
2022-06-08,1323.213387222326,3209,1401.55,5900.68,1,0,True
2022-06-09,1323.213387222326,2977,1401.55,5900.68,1,0,True
2022-06-10,1323.213387222326,2965,1401.55,5900.68,1,0,True
2022-06-11,1323.213387222326,2918,1401.55,5900.68,1,0,True
2022-06-12,1323.213387222326,3902,1401.55,5900.68,1,0,True
2022-06-13,1351.64,5446,1401.55,5900.68,1,1,False
2022-06-14,1388.32,5732,1401.55,5900.68,1,1,False
2022-06-15,1346.04,5525,1401.55,5900.68,1,1,False
2022-06-16,1387.18,5937,1401.55,5900.68,1,1,False
2022-06-17,1402.94,5803,1401.55,5900.68,1,1,False
2022-06-18,1402.49,6059,1401.55,5900.68,1,1,False
2022-06-19,1417.59,5955,1401.55,5900.68,1,1,False
2022-06-20,1443.93,5924,1401.55,5900.68,1,1,False
2022-06-21,1444.2,5956,1401.55,5900.68,1,1,False
2022-06-22,1396.68,6003,1401.55,5900.68,1,1,False
2022-06-23,1411.4,5932,1401.55,5900.68,1,1,False
2022-06-24,1447.68,5828,1401.55,5900.68,1,1,False
2022-06-25,1414.94,5829,1401.55,5900.68,1,1,False
2022-06-26,1403.82,5838,1401.55,5900.68,1,1,False
2022-06-27,1475.32,6086,1401.55,5900.68,1,1,False
2022-06-28,1438.18,6005,1401.55,5900.68,1,1,False
2022-06-29,1380.72,5906,1401.55,5900.68,1,1,False
2022-06-30,1331.79,5622,1401.55,5900.68,1,1,False
2022-07-01,1408.53,5885,1403.07,5907.06,1,1,False
2022-07-02,1416.1,5859,1403.07,5907.06,1,1,False
2022-07-03,1463.21,6056,1403.07,5907.06,1,1,False
2022-07-04,1467.52,6089,1403.07,5907.06,1,1,False
2022-07-05,1438.9,5970,1403.07,5907.06,1,1,False
2022-07-06,1454.46,6036,1403.07,5907.06,1,1,False
2022-07-07,1458.99,6054,1403.07,5907.06,1,1,False
2022-07-08,1449.67,6016,1403.07,5907.06,1,1,False
2022-07-09,1270.04,5130,1403.07,5907.06,1,1,False
2022-07-10,1390.48,5401,1403.07,5907.06,1,1,False
2022-07-11,1421.77,5802,1403.07,5907.06,1,1,False
2022-07-12,1449.7,5987,1403.07,5907.06,1,1,False
2022-07-13,1451.99,5948,1403.07,5907.06,1,1,False
2022-07-14,1451.84,5973,1403.07,5907.06,1,1,False
2022-07-15,1437.47,5942,1403.07,5907.06,1,1,False
2022-07-16,1433.23,5927,1403.07,5907.06,1,1,False
2022-07-17,1458.73,5952,1403.07,5907.06,1,1,False
2022-07-18,1441.13,5519,1403.07,5907.06,1,1,False
2022-07-19,1451.73,5523,1403.07,5907.06,1,1,False
2022-07-20,1446.98,5525,1403.07,5907.06,1,1,False
2022-07-21,1416.95,5343,1403.07,5907.06,1,1,False
2022-07-22,1448.39,5664,1403.07,5907.06,1,1,False
2022-07-23,1446.47,5426,1403.07,5907.06,1,1,False
2022-07-24,1456.88,5864,1403.07,5907.06,1,1,False
2022-07-25,1434.43,5842,1403.07,5907.06,1,1,False
2022-07-26,1447.26,6027,1403.07,5907.06,1,1,False
2022-07-27,1473.4,6252,1403.07,5907.06,1,1,False
2022-07-28,1444.73,5913,1403.07,5907.06,1,1,False
2022-07-29,1461.63,6108,1403.07,5907.06,1,1,False
2022-07-30,1409.74,5982,1403.07,5907.06,1,1,False
2022-07-31,1415.5,5818,1403.07,5907.06,1,1,False
2022-08-01,1433.88,5756,1649.65,6895.0,1,1,False
2022-08-02,1448.26,6058,1649.65,6895.0,1,1,False
2022-08-03,1417.4,5787,1649.65,6895.0,1,1,False
2022-08-04,1448.04,6017,1649.65,6895.0,1,1,False
2022-08-05,1442.41,6017,1649.65,6895.0,1,1,False
2022-08-06,1464.95,6256,1649.65,6895.0,1,1,False
2022-08-07,1472.54,6265,1649.65,6895.0,1,1,False
2022-08-08,1445.64,6282,1649.65,6895.0,1,1,False
2022-08-09,1492.55,6247,1649.65,6895.0,1,1,False
2022-08-10,1460.21,6111,1649.65,6895.0,1,1,False
2022-08-11,1456.51,6096,1649.65,6895.0,1,1,False
2022-08-12,1457.29,6099,1649.65,6895.0,1,1,False
2022-08-13,1470.12,6153,1649.65,6895.0,1,1,False
2022-08-14,1451.87,6076,1649.65,6895.0,1,1,False
2022-08-15,1404.32,5877,1649.65,6895.0,1,1,False
2022-08-16,1469.54,6151,1649.65,6895.0,1,1,False
2022-08-17,1461.79,6117,1649.65,6895.0,1,1,False
2022-08-18,1444.28,6045,1649.65,6895.0,1,1,False
2022-08-19,1466.07,6136,1649.65,6895.0,1,1,False
2022-08-20,1443.69,6043,1649.65,6895.0,1,1,False
2022-08-21,1411.88,5910,1649.65,6895.0,1,1,False
2022-08-22,1448.74,5970,1649.65,6895.0,1,1,False
2022-08-23,1438.43,6223,1649.65,6895.0,1,1,False
2022-08-24,1484.47,6216,1649.65,6895.0,1,1,False
2022-08-25,1471.51,6121,1649.65,6895.0,1,1,False
2022-08-26,1450.98,6114,1649.65,6895.0,1,1,False
2022-08-27,1418.67,6091,1649.65,6895.0,1,1,False
2022-08-28,1407.95,6011,1649.65,6895.0,1,1,False
2022-08-29,1419.44,6178,1649.65,6895.0,1,1,False
2022-08-30,1442.48,5987,1649.65,6895.0,1,1,False
2022-08-31,1450.29,6091,1649.65,6895.0,1,1,False
2022-09-01,1449.79,5956,1836.79,7655.26,1,1,False
2022-09-02,1449.48,6036,1836.79,7655.26,1,1,False
2022-09-03,1324.349844154562,4012,1836.79,7655.26,1,0,True
2022-09-04,1324.349844154562,4005,1836.79,7655.26,1,0,True
2022-09-05,1271.77,5218,1836.79,7655.26,1,1,False
2022-09-06,1418.11,5819,1836.79,7655.26,1,1,False
2022-09-07,1431.96,5875,1836.79,7655.26,1,1,False
2022-09-08,1436.94,5896,1836.79,7655.26,1,1,False
2022-09-09,1435.68,5892,1836.79,7655.26,1,1,False
2022-09-10,1428.33,5860,1836.79,7655.26,1,1,False
2022-09-11,1459.31,5988,1836.79,7655.26,1,1,False
2022-09-12,1456.87,5978,1836.79,7655.26,1,1,False
2022-09-13,1464.99,6012,1836.79,7655.26,1,1,False
